record_id,customer_name,email,phone,address,dob,gender,passport_number,ni_number,credit_card_number,bank_account,medical_condition,ethnicity,religion,political_view,employee_id,department,job_role,customer_id,ip_address,feedback
1,Lawrence Chen,,,,,,,,,,,,,,,,,ec550007-14ea-4ca0-bb57-15977469bc54,,
2,,,,,,,,,,,Asthma,,,,,,,ad9bc1ed-39e6-4af0-af23-bc18ea56ca71,,
3,Billy Brown,,,,,,,,,,,,,,,,,5139904f-5279-4763-b866-704364ef5171,,
4,,kparker@example.com,,,,,,,,,,,,,,,,2ac6d0ed-a375-482a-a21e-f801f49bb83d,,
5,Thomas Johnson,,+1-462-260-1332x1378,,,,,,,,,,,,,,,72130e67-f495-4671-b641-46983c16a7a5,,
6,Brandon Chambers,,,,,,,,,,,,,,,,,764baa68-318b-45ee-bb2a-9a9f2af286e6,,
7,,,,,,,,,,,Hypertension,,,,,,,61a67434-dbbc-4cae-a092-612f175f178a,,
8,,,,,,,,,,,Diabetes,,,,,,,7e64d5fc-61b1-4054-8e0f-66f3b595127d,,
9,Carol Wiley,,314.774.0286,,,,,,,,,,,,,,,c5473b24-ca0f-4248-815d-49f7b548714b,,
10,,,,,,,,,,,,,,,,,,49b0fa60-d3cc-4c1a-b100-d00a6167ed7f,,
11,,,,,,,,,,,,,,,,,,7b7d23dc-7019-4d3d-bded-d482b177ade9,,
12,James Carlson,,,,,,,,,,,,,,,,,d96656dc-6c71-4cea-8514-9da28f2b7f86,,
13,,,,,,,,,,,,,,,,,,0b36dc18-80d2-4e32-86e9-c5a4a50d4a7e,,
14,Kristen Young,,001-978-281-3806x61362,,,,,,,,,,,,,,,e70cb819-3831-4e98-ab80-98ae72a5553f,,
15,,,,,,,,,,,Diabetes,,,,,,,1c40af81-320a-4a32-ae68-7063eaa8d829,,
16,,ipatel@example.net,,,,,,,,,,,,,,,,cf05d142-c71e-437a-9241-a8c39ef177aa,,
17,,lopezana@example.org,,,,,,,,,,,,,,,,4dfd01ac-8a1f-42d9-a335-6869065bce22,,
18,,,,,,,,,,,,,,,,,,89baed80-05d2-4d90-afaf-1526a5690328,,
19,Jeffrey Hensley,,323.398.8434,,,,,,,,,,,,,,,5690be54-8473-4a13-9375-2474625485e3,,
20,Raymond Gomez,,,,,,,,,,,,,,,,,f16e9621-2cf7-4137-a53b-f9b0b1a46353,,
21,Megan Dean,,,,,,,,,,,,,,,,,30f38e58-351d-435c-951e-0fa8cfdd47df,,
22,,,,,,,,,,,Asthma,,,,,,,35b3f5db-63f8-4909-b5da-b2b46992a91a,,
23,Rose Chapman,,,,,,,,,,,,,,,,,cec6c8cc-3bbf-4078-b07c-1a675ae389d4,,
24,Karen Owens,,,,,,,,,,,,,,,,,53583fb9-a547-485e-b7f0-6448cd0e320c,,
25,,,,,,,,,,,Hypertension,,,,,,,8d94260c-6116-4fa7-b855-d19749c92e08,,
26,Christina Graham,,252-639-5598,,,,,,,,,,,,,,,553b3940-8075-4af8-b5c7-aaa70c4e9ba0,,
27,Emily Diaz,,,,,,,,,,,,,,,,,7292ab53-749a-4f04-91a3-0426387ede4a,,
28,,,,,,,,,,,,,,,,,,339d9ba0-b926-4b35-a39c-01933d54b71a,,
29,,,,,,,,,,,Asthma,,,,,,,61978b68-13bd-420f-8904-35f3802342a9,,
30,,,,,,,,,,,Diabetes,,,,,,,9e19039e-7ca3-4ece-aafb-85768f1e6089,,
31,,,,,,,,,,,Diabetes,,,,,,,c37709a3-fa1a-41bf-8b11-9d416f1297f2,,
32,Karen Molina,,+1-900-238-5622x9528,,,,,,,,,,,,,,,1da4f315-b1dd-4694-b90f-1526b3521241,,
33,Ashley Rodriguez,,,,,,,,,,,,,,,,,41dc7d56-1c11-4a0e-b9e4-4ca91008e457,,
34,Heather Henderson,,,,,,,,,,,,,,,,,061cf808-579f-4ae9-afa4-af078bd80f46,,
35,Sarah Smith,,447-894-1850,,,,,,,,,,,,,,,b42c02c7-be6a-48eb-87b9-ba90c0251789,,
36,,christopherdunn@example.com,,,,,,,,,,,,,,,,dd1a5652-69bc-4788-9694-13830f61532d,,
37,,,,,,,,,,,Hypertension,,,,,,,26f4fb45-428f-46fc-a199-1083ff05e8fc,,
38,Emily Davidson,,(481)417-1665x633,,,,,,,,,,,,,,,193c19e1-dc35-4bcb-9d91-89f2231bd132,,
39,,,,,,,,,,,Asthma,,,,,,,3575002d-c5ea-46f0-a662-21c456604bcc,,
40,,,,,,,,,,,,,,,,,,9f686554-6c89-49d3-8457-bd658e288b65,,
41,,johnsonemma@example.org,,,,,,,,,,,,,,,,87f3941d-1634-43c7-9c71-c18859afc3dc,,
42,,,,,,,,,,,Diabetes,,,,,,,b769ee77-a269-495c-820f-847576b6787c,,
43,Jillian Torres DDS,,,,,,,,,,,,,,,,,600e380d-5959-4123-9e2f-3cf2d3d5ff73,,
44,,,,,,,,,,,,,,,,,,26d4676d-139b-4b06-b6cb-1e30d7188d78,,
45,Charles Nelson,,(994)497-7145x856,,,,,,,,,,,,,,,89bef698-f174-40f9-9f18-7e2f98954996,,
46,,,,,,,,,,,Diabetes,,,,,,,1fb34554-857c-4150-85a1-0ec54e627eb6,,
47,,,,,,,,,,,Diabetes,,,,,,,fc8ba8a2-be11-47fd-be70-55bbeff9c696,,
48,Diana Richmond,,001-592-782-5509x4139,,,,,,,,,,,,,,,dbf6ef66-d18f-4abb-b399-f43d5160689c,,
49,Gordon Marks,,,,,,,,,,,,,,,,,e3046c40-0a38-4acc-88ef-2f06fbbdbd80,,
50,,,,,,,,,,,,,,,,,,9a2d9568-c56f-4fc2-9048-82a2e8c6d566,,
51,Alexandra Brewer,,,,,,,,,,,,,,,,,02e018e1-edb5-4b37-9f00-0bd9e9e0e69d,,
52,,,,,,,,,,,Hypertension,,,,,,,14c4830f-3933-40b6-b379-3b61d077bf9d,,
53,,,,,,,,,,,,,,,,,,fa2a04f3-a010-4073-a43c-a0c39036f2c6,,
54,,,,,,,,,,,,,,,,,,b2d2daed-ff95-47de-b21f-25139c8c5961,,
55,Deanna Potter,,,,,,,,,,,,,,,,,a754cedd-aaa5-4291-83e6-5b5bcb963003,,
56,,williamsmith@example.net,,,,,,,,,,,,,,,,f2d8f42c-120b-4bb0-b2a4-a0cc6bfb9827,,
57,Chelsea Luna,,,,,,,,,,,,,,,,,b23aff39-96b4-427a-a24e-d8e929c6d2c3,,
58,,bgonzalez@example.com,,,,,,,,,,,,,,,,f1e0cc6f-e749-434f-95a1-f9589605c537,,
59,,,,,,,,,,,,,,,,,,7011fc6e-6393-447e-8f6c-be57a8b35c87,,
60,Mario Torres,,,,,,,,,,,,,,,,,551ae7f0-d11a-4584-aeed-c96a281232c4,,
61,,heatherperez@example.com,,,,,,,,,,,,,,,,5f4cbd25-0965-43ee-8bb5-036cd7383277,,
62,Xavier Knox,,,,,,,,,,,,,,,,,581dfd92-419e-4b14-8766-5a50a3a0ce98,,
63,,ngonzalez@example.com,,,,,,,,,,,,,,,,dd13323e-1269-4f43-b79c-b6d4b3cc9829,,
64,,,,,,,,,,,,,,,,,,96297906-1f09-4019-be12-5bcd8d0ca1f6,,
65,Nicole Fitzgerald,,,,,,,,,,,,,,,,,1f2689c8-ba34-43c9-b22f-7b587a440700,,
66,Tracy Contreras,,+1-616-633-5258x8981,,,,,,,,,,,,,,,12959f29-7617-4819-b009-f8e8ef4df4b9,,
67,Maria Torres,,254.902.1677x5890,,,,,,,,,,,,,,,639dee7b-2199-456a-b564-a2a2c3c05210,,
68,,hguerrero@example.com,,,,,,,,,,,,,,,,135d7241-59ef-41c6-937a-8973d09cb89a,,
69,Robert Roberts,,294.676.7478x02139,,,,,,,,,,,,,,,5a2cfe0e-b08f-4fe4-9825-2b53f1297dd1,,
70,,,,,,,,,,,Hypertension,,,,,,,6fa2e9b5-d4dd-41fc-9526-41d46be57c2f,,
71,,,,,,,,,,,Hypertension,,,,,,,b1ac261f-4d56-46c9-9f89-2c5d9850bcb0,,
72,Ronnie Evans,,,,,,,,,,,,,,,,,c89cb505-e765-4edb-b92c-60faad7aed83,,
73,,,,,,,,,,,,,,,,,,19cb9691-82d2-4f4e-9c62-964caf334662,,
74,,,,,,,,,,,Hypertension,,,,,,,6a369f00-c887-4a92-ab00-f7d48a0eede8,,
75,Kimberly Smith,,001-391-449-4517,,,,,,,,,,,,,,,ac9bcc06-4cee-44d9-a843-c228eaccb62b,,
76,Dylan Smith,,475.862.5209,,,,,,,,,,,,,,,f961de45-c309-4e65-94bf-b7255f398576,,
77,,,,,,,,,,,,,,,,,,46461254-0c30-48ba-a296-3b8519a71f2e,,
78,Kevin Edwards,,(345)603-1690x66278,,,,,,,,,,,,,,,ceb5c22a-e7bc-474b-8277-1d27152cba93,,
79,,erikallen@example.net,,,,,,,,,,,,,,,,25dbba8d-a125-49dc-a2c8-26c4e7b2bf3e,,
80,Christine Davis,,497-909-2414,,,,,,,,,,,,,,,aa02920e-17b8-4746-bc54-712274c68227,,
81,,,,,,,,,,,,,,,,,,f3431835-05c1-49c4-82ea-89416e020fb8,,
82,Kaitlin Mcclure,,420.896.4915x7532,,,,,,,,,,,,,,,74f5f120-3110-4bc4-bfd1-5348385dd1cb,,
83,Aaron Parker,,781.882.4151x332,,,,,,,,,,,,,,,27e19584-3f36-44ba-9ad3-f8d61cff3456,,
84,,davispenny@example.com,,,,,,,,,,,,,,,,c71a34db-a577-4cd2-b719-fdcd0327607d,,
85,Christopher Burton,,,,,,,,,,,,,,,,,209eb022-e970-4b7b-a9be-4bb3ae3d6d28,,
86,,,,,,,,,,,Hypertension,,,,,,,9dca3a37-3171-4646-a583-018b08d24d5a,,
87,Justin Bates,,,,,,,,,,,,,,,,,ec48fdfc-7e8b-415e-ae85-9892300bdfc6,,
88,,,,,,,,,,,,,,,,,,45e68c59-9fa2-419a-9af2-fa63b2d53ed7,,
89,,steven38@example.com,,,,,,,,,,,,,,,,0ef22d30-0000-4f69-854b-ff462a39e8e3,,
90,,,,,,,,,,,Hypertension,,,,,,,b4f23204-e380-4ece-9e2e-4a35792f8af5,,
91,,uhernandez@example.org,,,,,,,,,,,,,,,,cb00d961-c4d9-4e25-8fa4-bac72ae3c108,,
92,,fwilson@example.org,,,,,,,,,,,,,,,,715b84f3-3641-4816-b77d-08dd5b948439,,
93,,,,,,,,,,,Hypertension,,,,,,,8884a099-4ab5-440e-a16f-deb1b097e228,,
94,Margaret Cochran,,,,,,,,,,,,,,,,,8a0e235b-3720-4824-b9e7-2750d62d69fd,,
95,Tracey Neal,,,,,,,,,,,,,,,,,09a62f1f-5e8b-433f-9408-2569373f355c,,
96,Kenneth Stewart,,,,,,,,,,,,,,,,,e998077a-9222-4376-8c6a-98b3183a9995,,
97,,rowedevin@example.org,,,,,,,,,,,,,,,,013d3252-9c05-4379-b105-4ba88314f0fd,,
98,,raybradley@example.net,,,,,,,,,,,,,,,,31bb4b8f-ecd6-4662-81f8-b8c71328386f,,
99,Jennifer Hurley,,555.236.2862x80087,,,,,,,,,,,,,,,efb56846-9d96-4745-bd75-835ea96aa040,,
100,Susan Schroeder,,647-203-9902,,,,,,,,,,,,,,,946552d2-2567-4524-b997-418f0e63accd,,
